id,categoria,pergunta,resposta_fine_tuned,resposta_base
1,Conhecimento geral,O que é hipertensão arterial e quais são os principais fatores de risco?,A hipertensão arterial é uma doença crônica caracterizada por pressão arterial elevada. O ideal é que o paciente seja acompanhado por um médico para controle da pressão arterial e evitar complicações.,"A hipertensão arterial, também conhecida como pressão alta arterial, é uma condição em que o fluxo sanguíneo através das artérias é mais forte do que o normal. Isso ocorre porque as paredes dos vasos sanguíneos estão mais rígidas e o coração tem que trabalhar mais para bombear sangue.

Os principais fatores de risco para a hipertensão incluem:

1. Idade: A probabilidade de desenvolver hipertensão aumenta com a idade.
2. Gênero: Mulheres têm maior probabilidade de desenvolver hipertensão após a menopausa.
3. Herança: A hipertensão pode ser hereditária.
4. Obesidade ou excesso de peso: Pessoas com um IMC alto têm maior risco.
5. Exposição ao estresse crônico: Pode levar à elevação da pressão arterial.
6. Fumo: O tabagismo aumenta significativamente o risco de hipertensão.
7. Excesso de álcool: Consumo excessivo de álcool pode aumentar a pressão arterial.
8. Sedentarismo: Pouca atividade física regular pode contribuir para a hipertensão.
9. Dieta rica em sal: Uma dieta rica em sal pode aumentar a pressão arterial.
10."
2,Conhecimento geral,O que é diabetes mellitus tipo 2 e quais são seus principais fatores de risco?,"Diabetes tipo 2 é uma doença crônica caracterizada pela hiperglicemia (glicemia elevada) e pode ser causada por vários fatores como: obesidade, sedentarismo, dieta inadequada, histórico familiar, idade avançada, entre outros.","Diabetes mellitus tipo 2 é uma condição metabólica caracterizada pela resistência à insulina ou pela insuficiência da produção de insulina pelo pâncreas. Isso leva a níveis elevados de açúcar no sangue (hiperglicemia). Este tipo de diabetes é mais comum em adultos, embora tenha aumentado em crianças e adolescentes devido ao aumento do peso corporal.

Os principais fatores de risco para o diabetes tipo 2 incluem:

1. **Obesidade**: Pessoas com excesso de gordura corporal, especialmente na cintura, têm maior risco.
2. **Idade**: A probabilidade de desenvolver diabetes tipo 2 aumenta com a idade, especialmente após os 45 anos.
3. **Família História**: Se houver parentes com diabetes tipo 2, o risco aumenta.
4. **Gestação**: Mulheres que já tiveram diabetes durante a gestação têm maior risco de desenvolver diabetes tipo 2 posteriormente.
5. **Educação Financeira**: Pessoas com baixa educação financeira têm maior risco.
6. **Alimentação**: Dieta rica em açúcares refinados e gorduras saturadas.
7. **Exercício Físico Insuficiente**: Pouco exercício físico regular pode aumentar o"
3,Conhecimento geral,Qual é a diferença entre uma infecção viral e uma infecção bacteriana?,"A diferença entre uma infecção viral e uma infecção bacteriana está no tipo de microorganismo que causa o problema. As infecções virais são causadas por vírus, enquanto as infecções bacterianas são causadas por bactérias. Além disso, as infecções virais geralmente são mais resistentes ao tratamento com antibióticos, já que os antibióticos atuam apenas contra as bactérias.","Infecções virais e bacterianas são duas categorias diferentes de doenças que têm diferenças significativas em termos de causas, sintomas e tratamentos.

1. Causas:
   - Infecção viral: É causada por vírus, que são microorganismos muito pequenos sem estrutura celular.
   - Infecção bacteriana: É causada por bactérias, que são organismos microscópicos com estrutura celular.

2. Sintomas:
   - Infecção viral: Pode variar dependendo da doença específica, mas geralmente inclui febre, tosse, dor de garganta, congestão nasal, dores musculares e febre.
   - Infecção bacteriana: Também pode variar, mas geralmente apresenta sinais como febre alta, dores articulares, dores abdominais, vômitos, diarreia e inchaço na área afetada.

3. Tratamento:
   - Infecção viral: Não há medicamento específico para combater os vírus. O tratamento é geralmente focado em aliviar os sintomas. A maioria dessas infecções se resolve por conta própria.
   - Infecção bacteriana: Geralmente requer antibióticos, que são medicamentos específicos contra as bactérias. No entanto, nem todas as inf"
4,Conhecimento geral,O que é anemia e quais são algumas de suas causas mais comuns?,"Anemia é uma doença caracterizada pela diminuição da quantidade de hemoglobina no sangue. A hemoglobina é o componente do sangue que transporta oxigênio para as células do corpo. A anemia pode ser causada por várias razões, incluindo deficiência de ferro, anemia falciforme, anemia por deficiência de vitamina B12 ou folato, entre outras.","Anemia é uma condição clínica caracterizada pelo baixo nível de hemoglobina no sangue ou pela diminuição da quantidade de células eritrizeladas (eritrócitos), o que resulta em um menor número de leucócitos e glóbulos vermelhos capazes de transportar oxigênio para os tecidos do corpo.

As causas mais comuns de anemia incluem:

1. **Deficiência de ferro**: É a causa mais frequente de anemia. O ferro é necessário para a formação de hemoglobina. Quando há deficiência de ferro, as células eritrizeladas não conseguem se desenvolver corretamente, levando à anemia.

2. **Deficiência de vitamina B12 ou folato**: Estes nutrientes são essenciais para a formação de eritrócitos. Uma deficiência deles pode levar à anemia falciforme ou anemia por deficiência de folato, respectivamente.

3. **Doenças hematológicas**: Como anemia falciforme, anemia por deficiência de glicocloroide, anemia por deficiência de siderócito, entre outras.

4. **Perda sanguínea**: Pode ocorrer devido a hemorragias, como na gravidez, na cirurgia"
5,Conhecimento geral,Qual é a função da hemoglobina no organismo?,A hemoglobina é uma proteína que transporta o oxigênio para os tecidos do corpo. Ela está presente na cor da sangue e é responsável por transportar o oxigênio dos pulmões até os diferentes órgãos do corpo.,"A hemoglobina desempenha uma função crucial no organismo, principalmente na circulação sanguínea. Ela é responsável por transportar oxigênio do pulmão para os tecidos corporais e devolver dióxido de carbono desses tecidos de volta ao pulmão para ser expelido.

As principais funções da hemoglobina são:

1. Transporte de Oxigênio: A hemoglobina possui fótons glicocéricos que se ligam a moléculas de oxigênio. Quando o sangue passa pelos pulmões, o oxigênio é absorvido pela hemoglobina, tornando-a mais hidrossolúvel. Essa hemoglobina oxigenada é então transportada para todo o corpo através das veias.

2. Devolução de Dióxido de Carbono: Após o transporte de oxigênio para os tecidos, a hemoglobina também transporta dióxido de carbono de volta ao pulmão para sua eliminação.

3. Regulação de Pressão Sanguínea: A hemoglobina contribui para a pressão arterial, pois seu peso aumenta a resistência ao fluxo sanguíneo.

4. Proteção contra Radicais Livres: Algumas substâncias presentes na hemoglobina podem proteger as células do dano caus"
6,Saúde da mulher,O que é a síndrome dos ovários policísticos (SOP) e quais são suas principais características?,"A Síndrome dos Ovários Policísticos (SOP) é uma condição hormonal que afeta principalmente as mulheres, mas também pode ocorrer em homens. Ela é caracterizada por uma série de alterações hormonais e fisiológicas que podem levar a diversos sintomas e problemas de saúde. As principais características da SOP incluem: - Falta de ovulação ou ovulação irregular - Acne e hiperpigmentação - Problemas de peso e dificuldade para emagrecer - Dor menstrual e dismenorreia - Problemas de fertilidade - Problemas de pele e cabelo - Problemas de sono e ansiedade A SOP pode ser diagnosticada através de exames clínicos e laboratoriais, como exame de sangue para determinar os níveis de hormônios e ultrassonografia do útero e ovários.","A síndrome dos ovários policístos (SOP), também conhecida como hiperplasia poliquística dos ovários, é uma condição endócrina que afeta principalmente as mulheres menstruada. Ela é caracterizada por uma série de alterações hormonais e patológicas nos ovários.

As principais características da SOP incluem:

1. **Ovários**: Os ovários podem ter tamanho normal ou aumentado, mas apresentam muitas pequenas bolsas ou cistos dentro do tecido ósseo (cistos poliquísticos).

2. **Hormônios**: A SOP está associada a níveis elevados de testosterona e androgeína (hormônios masculinos). Isso pode levar a alterações na produção de hormônios femininos, como o estrógeno.

3. **Fertilidade**: Muitas mulheres com SOP têm dificuldade para engravidar, pois os ovários não conseguem liberar ovócitos adequadamente.

4. **Menstruação**: As mulheres podem ter ciclos menstruais irregulares, má qualidade da menstruação ou ausência de menstruação (amenorreia).

5. **Outras manifestações**: Além disso, algumas mulheres podem apresentar acne, excesso de peso ou obesidade, calvície, e sintomas de displasia ginecológica"
7,Saúde da mulher,Quais são alguns sinais e sintomas que podem estar associados à síndrome dos ovários policísticos?,"A Síndrome dos Ovários Policísticos (SOP) é uma condição que afeta principalmente as mulheres, mas também pode ocorrer em homens. Os sintomas da SOP variam de pessoa para pessoa, mas os mais comuns incluem: dismenorreia (dor menstrual), acne, hiperpigmentação (melanose), acupunção, perda de peso, dificuldade para engravidar, entre outros.","A síndrome dos ovários policísticos (SOP) é uma condição hormonal que afeta principalmente mulheres menstruada. Alguns dos principais sinais e sintomas incluem:

1. **Dores Abdominais ou na Região Lateral da Cintura:** Podem ser mais intensas durante o ciclo menstrual.

2. **Acidez Gastrointestinal:** Inclui gases, cólicas e diarreia.

3. **Perda de Calorias:** Pode ocorrer perda de peso sem esforço físico significativo.

4. **Acne:** Pode ser mais severa do que o normal.

5. **Hipersensibilidade à Testosterona:** Pode causar aumento de pelos no corpo, especialmente no rosto, pescoço, braços e pernas.

6. **Problemas de Ciclo Menstrual:** Inclui ciclos menstruais irregulares, ausência de menstruação (amenorreia), ou sangramento entre os períodos normais.

7. **Fertilidade:** Problemas para engravidar, pois as ovários podem não liberar ovócitos adequadamente.

8. **Insônia:** Problemas de sono, como dificuldade em adormecer ou acordar cedo.

9. **Depressão e Ansiedade:** Algumas mulheres com SOP podem ter problemas de humor ou ansiedade.

É importante not"
8,Saúde da mulher,A síndrome dos ovários policísticos pode afetar a fertilidade? Explique.,"Sim, a Síndrome dos Ovários Policísticos (SOP) pode afetar a fertilidade. A SOP é uma condição que afeta principalmente as mulheres, caracterizada por alterações hormonais e pela presença de múltiplos nódulos nos ovários. Esses nódulos podem dificultar o processo de ovulação, tornando mais difícil a concepção. Além disso, a SOP também pode causar alterações no humor e na autoestima da mulher. É importante procurar um especialista para avaliar melhor seu caso e encontrar a melhor solução para sua situação.","Sim, a síndrome dos ovários policístos (SOP) pode afetar significativamente a fertilidade. A SOP é uma condição hormonal que afeta principalmente as mulheres menstruada, caracterizada por ovários com vários pequenos nódulos ou cistos.

As principais maneiras como a SOP afeta a fertilidade são:

1. **Ovulação Irregular**: As mulheres com SOP geralmente têm ovulações irregulares ou ausentes. Isso ocorre porque o hormônio androgênico (esteroide masculino) excessivo na SOP interfere no processo de ovulação.

2. **Diminuição da Qualidade do Óvulo**: Mesmo quando ocorre ovulação, os óvulos podem não ser tão saudáveis quanto deveriam, o que pode reduzir a chance de concepção.

3. **Alterações no Ciclo Ovariano**: A SOP pode alterar o ciclo menstrual, tornando-o mais longo ou irregular, o que também pode dificultar a identificação da ovulação.

4. **Disfunção Tubária**: Embora menos comum, a SOP também pode levar a problemas na tuba uterina, o que pode interferir na passagem do espermatozoide para o útero.

No entanto, é importante notar que muitas mulheres com SOP conseguem conceber naturalmente, embora tal"
9,Saúde da mulher,Qual é a relação entre resistência à insulina e síndrome dos ovários policísticos?,"A resistência à insulina é uma das causas mais comuns da Síndrome dos Ovários Policísticos (SOP). A SOP é caracterizada por uma série de sintomas e alterações hormonais que podem afetar a fertilidade e o bem-estar geral. A resistência à insulina ocorre quando o corpo tem dificuldade em responder adequadamente ao hormônio insulina, que regula o metabolismo do açúcar no sangue. Isso pode levar a níveis elevados de açúcar no sangue, ou diabetes tipo 2.","A resistência à insulina e a síndrome dos ovários policístos (SOP) estão amplamente associadas e compartilham muitas características clínicas e fisiológicas. Vamos explorar como essas duas condições estão relacionadas:

1. Resistência à Insulina:
- É uma condição em que o corpo tem dificuldade em responder adequadamente às hormonas insulina.
- Pode levar a níveis elevados de açúcar no sangue (hiperglicemia).
- É frequentemente causada por obesidade, sedentarismo e dieta rica em carboidratos simples.

2. Síndrome dos Ovários Policísticos (SOP):
- É um distúrbio hormonal que afeta principalmente mulheres menstruantes.
- Geralmente está associada a níveis elevados de testosterona e andrógenos.
- Pode levar a ovários com múltiplos folículos inovadores (policísticos).

Relação entre as Doenças:
- A SOP é frequentemente acompanhada de resistência à insulina.
- A resistência à insulina pode ser um fator de risco para desenvolver a SOP.
- Ambas as condições são frequentemente observadas juntas em indivíduos obesos ou com alto peso corporal.

Efeitos Recíprocos:
-"
10,Saúde da mulher,Quais exames podem ser utilizados na investigação clínica de uma paciente com suspeita de síndrome dos ovários policísticos?,"A síndrome dos ovários policísticos (SOP) é uma condição que afeta principalmente as mulheres, sendo caracterizada por alterações hormonais e pela presença de múltiplos nódulos nos ovários. A investigação clínica da SOP envolve vários exames, incluindo: Exame físico, exame ginecológico, exame de sangue para determinar os níveis de hormônios, ultrassonografia do útero e dos ovários, e ecografia abdominal. Além disso, o diagnóstico pode ser confirmado através de uma biópsia endometrial.","A síndrome dos ovários policísticos (SOP) é uma condição endócrina que afeta principalmente as mulheres menstruada. A sua investigação clínica geralmente envolve uma combinação de exames laboratoriais e de imagem. Aqui estão alguns exames que podem ser utilizados:

1. **Exame de sangue**: 
   - **Teste de hCG (Human Chorionic Gonadotropin)**: Para avaliar a função ovariana.
   - **Testes hormonais**: Como o teste de LH (Liberina luteína), que pode indicar alterações hormonais.
   - **Teste de estradiol (Estrógeno)**: Para avaliar a produção de estrogênios.
   - **Teste de testosterona (Testosterona)**: Para avaliar a produção de testosterona.
   - **Teste de prolactina (Prolactina)**: Para avaliar a função pituitária.
   - **Teste de FSH (Follicle Stimulating Hormone)**: Para avaliar a função ovárica.

2. **Exames de imagem**:
   - **Ultrassonografia do útero e ovários**: É uma das maneiras mais comuns de diagnosticar a SOP. Ela pode mostrar ovários grandes e poliquísticos, além de outros ach"
11,Sintomas,Quais podem ser algumas causas de dor de cabeça frequente?,"A dor de cabeça pode ter várias causas, sendo que algumas são mais comuns do que outras. Algumas das causas mais comuns incluem: tensão muscular, migração, enxaqueca, sinusite, infecções, alergias, doenças autoimunes, entre outros. É importante procurar um médico para uma avaliação completa e diagnóstico correto.","Dor de cabeça frequentes podem ter várias causas, algumas das quais incluem:

1. **Transtorno do Sono**: Falta ou qualidade insuficiente de sono pode levar à dor de cabeça.

2. **Estresse**: Estresse emocional pode causar ou piorar a dor de cabeça.

3. **Alimentação**: Alimentos ricos em salicilato (como cebola, alho, mostarda), cafeína, produtos lácteos e alimentos fermentados podem provocar dor de cabeça em alguns indivíduos.

4. **Dieta Deficiente em Vitamina B12**: Deficiência nessa vitamina pode causar dor de cabeça.

5. **Hipertensão Arterial**: A pressão arterial alta pode causar dor de cabeça.

6. **Fumar**: O tabagismo pode aumentar o risco de dor de cabeça.

7. **Medicamentos**: Certos medicamentos podem causar dor de cabeça como um efeito colateral.

8. **Doenças Neurologias**: Como a migraça, a enxaqueca e outras condições neurologicas.

9. **Problemas Digestivos**: Dores abdominais e gases podem ser causadores de dor de cabeça.

10. **Problemas Respiratórios**: Problemas respiratórios como sinusite podem causar dor de cabeça.

É importante notar"
12,Sintomas,Quais podem ser algumas causas de fadiga persistente?,"A fadiga pode ter várias causas, como por exemplo:Doenças autoimunes (por exemplo, doença de Hashimoto)Doença de ParkinsonDoença de AlzheimerDoença de ParkinsonDoença de ParkinsonDoença de ParkinsonDoença de ParkinsonDoença de ParkinsonDoença de ParkinsonDoença de ParkinsonDoença de ParkinsonDoença de ParkinsonDoença de ParkinsonDoença de ParkinsonDoença de ParkinsonDoença de ParkinsonDoença de ParkinsonDoença de ParkinsonDoença de ParkinsonDoença de ParkinsonDoença de ParkinsonDoença de ParkinsonDoença de ParkinsonDoença de ParkinsonDoença de ParkinsonDoença de ParkinsonDoença de ParkinsonDoença de ParkinsonDoença de ParkinsonDoença de ParkinsonDoença de ParkinsonDoença de ParkinsonDoença de ParkinsonDoença de ParkinsonDoença de ParkinsonDoença de ParkinsonDoença de ParkinsonDoença de ParkinsonDoença de ParkinsonDoença de ParkinsonDoença de ParkinsonDoença de ParkinsonDoença de ParkinsonDoença de ParkinsonDoença de ParkinsonDoença de ParkinsonDoença de ParkinsonDoença de ParkinsonDoença de ParkinsonDoença de ParkinsonDoença de ParkinsonDoença de ParkinsonDoença de ParkinsonDoença de ParkinsonDoença de ParkinsonDoença de ParkinsonDoença de ParkinsonDoença de ParkinsonDoença de ParkinsonDoença de ParkinsonDoença de ParkinsonDoença de ParkinsonDoença de ParkinsonDoença de ParkinsonDoença de ParkinsonDoença de ParkinsonDoença de ParkinsonDoença de ParkinsonDoença de","Fadiga persistente pode ter várias causas, algumas das quais incluem:

1. Doenças infecciosas: Como o vírus da gripe ou outras infecções virais.
2. Doenças autoimunes: Como a esclerose múltipla, lúpus eritematoso sistêmico e artrite reumatoide.
3. Doenças do sistema nervoso central: Como a esclerose múltipla, doença de Parkinson e demências.
4. Doenças do sistema imunológico: Como a síndrome de Cushing e a síndrome de Hashimoto.
5. Problemas metabólicos: Como a anemia, hipotireoidismo e diabetes tipo 2.
6. Problemas respiratórios: Como a obstrução do tráfego respiratório (OTR) e a síndrome do sono de ondas lentas.
7. Problemas cardíacos: Como a insuficiência cardíaca.
8. Problemas neurológicos: Como a esclerose múltipla e a doença de Parkinson.
9. Problemas gerais de saúde: Como a obesidade e a falta de exercício físico regular.
10. Problemas psicológicos: Como a ansiedade e o estresse crônico.

É importante notar que a fadiga persistente pode ser"
13,Sintomas,Quais são algumas causas possíveis de dor abdominal?,"Dor abdominal pode ser causada por uma infinidade de condições, desde uma simples constipação até uma doença grave como câncer de intestino. Por isso é importante procurar um médico para avaliar o seu caso.","Dor abdominal pode ter várias causas, algumas das quais incluem:

1. **Estrias (Hernia Abdominal)**: Uma abertura no músculo ou tecido que envolve o abdômen.

2. **Inflamação Gastrointestinal**: Como úlcer gástrica, gastrite, cólica intestinal, ou inflamação do intestino delgado (colitis).

3. **Estresse ou Estresse Gastrointestinal (GERD)**: Quando o estômago libera ácido acima da válvula que separa o estômago do esôfago.

4. **Intoxicação Alimentar**: Pode ocorrer após a ingestão de alimentos contaminados ou vencidos.

5. **Infecções**: Como vírus, bactérias ou parasitas podem causar infecções intestinais.

6. **Disfunção do Intestino Delgado**: Como a síndrome do intestino irritable.

7. **Cólica Intestinal**: Frequentemente associada à obstrução intestinal ou alterações na flora intestinal.

8. **Peritonite**: Inchaço ou inflamação do peritônio, uma camada fina que reveste o abdômen e os órgãos internos.

9. **Múltiplas Causas Não Infecciosas**: Como doenças auto"
14,Sintomas,Quais sinais associados à dor no peito podem indicar uma situação que necessita de atendimento médico imediato?,"A dor no peito pode ser uma das manifestações de várias doenças, algumas delas graves. A dor no peito pode ser acompanhada de outros sintomas como: sudorese, náusea, vômito, tontura, fraqueza, dificuldade para respirar, falta de ar, dor abdominal, dor na região do abdômen, dor nos braços, dor nas costas, dor na garganta, dor nos olhos, dor nos dentes, dor nos rins, dor nos intestinos, dor nos músculos, dor nos ossos, dor nos nervos, dor nos músculos, dor nos tendões, dor nos ligamentos, dor nos tendões, dor nos músculos, dor nos ossos, dor nos nervos, dor nos músculos, dor nos tendões, dor nos ligamentos, dor nos músculos, dor nos ossos, dor nos nervos, dor nos músculos, dor nos tendões, dor nos ligamentos, dor nos músculos, dor nos ossos, dor nos nervos, dor nos músculos, dor nos tendões, dor nos ligamentos, dor nos músculos, dor nos ossos, dor nos nervos, dor nos músculos, dor nos tendões, dor nos ligamentos, dor nos músculos, dor nos ossos, dor nos nervos, dor nos músculos","Dor no peito pode ser um sinal de várias condições, algumas delas mais graves do que outras. Aqui estão alguns sinais que indicam que o atendimento médico imediato é necessário:

1. Dor intensa ou persistente: Se a dor no peito for intensa e persistir por mais de alguns minutos, isso pode ser um sinal sério.

2. Dor associada a outros sintomas: Além da dor no peito, se houver outros sintomas como suor frio, tontura, náusea, vômito, dificuldade para respirar, dor na garganta ou dor nos braços, pescoço ou costas, esses podem indicar uma situação crítica.

3. Dor que se espalha: Se a dor no peito se espalhar para o pescoço, o pescoço, os ombros, as costas ou as pernas, isso pode ser um sinal de um problema cardíaco grave.

4. Dor que ocorre após atividade física: Dor no peito após exercícios físicos pode ser um sinal de problemas cardíacos, especialmente se a dor persistir por mais de 15 minutos após o término da atividade.

5. Dor que ocorre durante a noite: Dor no peito que ocorre durante a noite pode ser um sinal de uma condição cardíaca aguda."
15,Sintomas,Quais podem ser algumas causas de tontura?,"A tontura pode ter várias causas, sendo que a mais comum é a vertigem. A vertigem é uma sensação de movimento ou de estar em movimento quando na verdade não há. A causa mais comum da vertigem é o desequilíbrio vestibular, que pode ser causado por infecções virais, infecções bacterianas, traumas, doenças autoimunes, entre outros.","A tontura pode ter várias causas, algumas das quais incluem:

1. Hipotensão (pressão arterial baixa): Quando o coração não consegue bombear sangue suficiente para os órgãos superiores, pode ocorrer uma sensação de tontura.

2. Hipoglicemia: Uma baixa glicose no sangue pode causar tontura, especialmente em pessoas com diabetes que não controlam sua doença.

3. Anemia: A falta de hemoglobina no sangue pode levar à redução da oxigenação dos tecidos, causando tonturas.

4. Desidratação: Perda de água e sais minerais do corpo pode diminuir a pressão sanguínea e causar tonturas.

5. Tonturas relacionadas ao vaso sanguíneo: Situações como a pressão arterial alta ou baixa, ou alterações na pressão sanguínea durante a mudança de posição (como quando se levanta rapidamente) podem causar tonturas.

6. Problemas cardíacos: Doenças cardíacas, como insuficiência cardíaca, podem causar tonturas.

7. Medicamentos: Alguns medicamentos podem causar tonturas como efeitos colaterais.

8. Náusea e vômito: Estes sintomas associados podem levar a desid"
16,Raciocínio médico,"8 dias fiz cirurgia da apendicite, sinto falta de apetites e diarreia, é normal?","A cirurgia abdominal pode causar alterações no sistema digestivo, como constipação ou diarreia. A falta de apetite também pode ser um sintoma comum após a cirurgia. No entanto, se você está sentindo muito desconforto ou se os sintomas persistem por mais de uma semana, é importante que você entre em contato com seu médico para avaliar se há algum problema que precisa ser tratado.","Sim, é possível sentir falta de apetite e ter diarreia após uma cirurgia abdominal como a da apendicite. Estes sintomas podem ser causados pelo estresse da cirurgia, pela recuperação do corpo e pela inflamação que ocorre durante o processo. No entanto, é importante monitorar esses sintomas e informar ao seu médico se eles persistirem ou piorarem.

A falta de apetite pode ser um reflexo da ansiedade ou desconforto físico associado à recuperação. A diarreia, por sua vez, pode ser um sinal de inchaço ou complicações intestinais. Ambos os sintomas devem ser avaliados por um profissional de saúde para garantir que não estejam relacionados a uma infecção ou outra condição médica.

É recomendável que você entre em contato com o seu médico para relatar esses sintomas, especialmente se acompanhados de febre, dor abdominal intensa, vômitos ou sinais de desidratação (como sede intensa, urinar menos vezes ou com urina mais escura)."
17,Prevenção,Boa noite! Tenho membrana epirretiniana tenho chance de cura após cirurgia?,"A membrana epirretiniana é uma lesão que pode ser tratada com cirurgia. A chance de cura depende da localização e do tamanho da lesão. Em geral, a recuperação é boa, mas pode haver sequelas como dor ou limitação de movimento. É importante procurar um especialista para avaliar sua situação e definir o melhor tratamento.","Boa noite! A membrana epirretiniana (ou membrana do retângulo) é uma parte importante do pâncreas que pode ser afetada por algumas condições, como o diabetes mellitus tipo 1 ou doenças pancreáticas. Após a realização de uma cirurgia para tratar essa condição, como a pancreatoplastia, a chance de cura depende de vários fatores, incluindo a causa subjacente da doença, a idade do paciente, a gravidade da condição e a eficácia da intervenção cirúrgica.

É importante lembrar que, apesar de uma cirurgia bem-sucedida, a recuperação completa e a prevenção de complicações podem levar algum tempo. Além disso, após a cirurgia, o paciente precisa seguir um regime alimentar restrito e realizar acompanhamento regular com um nutricionista e um endocrinologista para garantir que a dieta esteja adequada e para monitorar a função pancreática.

Se você tem dúvidas específicas sobre sua situação, é crucial consultar diretamente um profissional de saúde, pois eles poderão fornecer informações mais precisas e personalizadas com base na sua história clínica e exames."
18,Prevenção,"Tenho alergia a dorflex, posso tomar nimesulida?","A Dorflex é uma medicação que contém o ácido acetilsalicílico (ASA), que é o mesmo princípio ativo da Nimesulida. Portanto, se você tem alergia ao ácido acetilsalicírico, também terá alergia à Nimesulida.","Não é recomendado que você tome nimesulida se você tiver uma alergia ao dorflex, pois esses medicamentos podem conter componentes similares ou derivados de ácido acetilsalicílico (ASA). A alergia a um desses medicamentos pode indicar uma reação alérgica potencialmente grave ao outro.

Se você tem alergia a dorflex, é importante consultar um médico para obter orientações específicas sobre o tratamento da dor ou inflamação. Ele pode sugerir alternativas como outros anti-inflamatórios não esteroidais (AINEs) que não contenham ácido acetilsalicílico, como o ibuprofeno, ou até mesmo analgésicos sem efeitos anti-inflamatórios, como paracetamol.

Lembre-se sempre de informar todas as suas condições de saúde e medicamentos que você está tomando a qualquer profissional de saúde que esteja prestes a receitar ou prescrever algum medicamento."
19,Sintomas,"sem sintomas nenhum, em repouso meu coração chega a 130 bpm, tenho 17 anos, colesterol alto e obesidade, seria uma questão emocional?","A sua situação pode ser causada por vários fatores, como o que você mencionou (emocional), mas também pode ser causada por outros fatores como: sedentarismo, dieta inadequada, hipertensão arterial, diabetes, entre outros. É importante que você procure um médico para avaliar seu caso e identificar as causas da sua elevação do batimento cardíaco.","O aumento do ritmo cardíaco (tachicardia) sem sintomas pode ser preocupante, especialmente em jovens. No seu caso, com colesterol alto e obesidade, há riscos adicionais de doenças cardiovasculares. Entretanto, sem sintomas clínicos como dor no peito, falta de ar, tonturas ou náuseas, o problema pode ser menos grave, mas ainda assim requer atenção.

A emoção pode influenciar o ritmo cardíaco, mas não é a causa mais provável para um ritmo tão elevado em um adolescente saudável. A obesidade e o colesterol alto são fatores conhecidos que podem aumentar o risco de problemas cardíacos e podem levar a alterações no ritmo cardíaco.

É importante que você procure orientação médica para avaliar sua situação. O médico pode recomendar exames complementares, como um ECG (exame cardiológico), um teste de exercício cardíaco ou uma avaliação nutricional, além de prescrever tratamentos adequados para os seus fatores de risco, como dieta balanceada, exercícios físicos e/ou medicamentos, se necessário.

Lembre-se de que apenas um profissional de saúde qualificado pode fornecer um diagnóstico preciso e indicar o melhor plano de ação."
20,Sintomas,"Há um pouco mais de 1 ano comecei a ficar com falta de ar e dores do peito, fui em vários pneumologistas com suspeita de asma e vários exames deram normais. Não sinto melhora com nenhuma bombinha de asma. Li sobre disturbíos no nervo vago causarem sintomas semelhantes. É uma possibilidade?",A causa da sua falta de ar pode ser muito variada. O diagnóstico deve ser feito por um especialista em respiração. Procure um pneumologista ou um especialista em respiração para que ele possa fazer o diagnóstico correto e iniciar o tratamento adequado.,"Sim, é possível que os sintomas que você está relatando possam estar relacionados a problemas no nervo vago. O nervo vago é um dos maiores nervos da coluna vertebral e controla músculos e órgãos em várias partes do corpo, incluindo o estômago, o intestino delgado, o pâncreas, o fígado, o cólon, o trato respiratório superior e o coração.

Distúrbios no nervo vago podem causar sintomas como falta de ar, dor no peito, tonturas, náuseas, vômitos, alterações na pressão arterial e ritmo cardíaco, além de dificuldade para engolir e sensação de peso na região do pescoço ou no pescoço.

No entanto, esses sintomas também podem ser causados por outras condições, como doenças pulmonares, doenças cardíacas, distúrbios gastrointestinais e até mesmo estresse e ansiedade. Portanto, é importante que você faça um exame detalhado e completo, incluindo uma avaliação neurológica, além de exames complementares como ecocardiograma, tomografia computadorizada (TC) do tórax, ressonância magnética (RM) do tórax, eletrocardiograma (ECG),"
